Phone Model,Units Sold_x,Revenue (USD)_x,Average Rating,Units Sold_y,Revenue (USD)_y,_id,Store Name,Remaining Stock,Last Restocked Date,brand,Competitor Name,Competitor Price
Google Pixel 7,337,335423,3.0,337,335423,67e6d138d285ef17a1baf4c6,Store E,24,2025-03-20T00:00:00Z,Google,Target,1002
Google Pixel 7,337,335423,3.0,337,335423,67e6d138d285ef17a1baf4c6,Store E,24,2025-03-20T00:00:00Z,Google,B&H,1385
Google Pixel 7,337,335423,3.0,337,335423,67e6d138d285ef17a1baf4c6,Store E,24,2025-03-20T00:00:00Z,Google,Best Buy,663
Google Pixel 7,337,335423,3.0,337,335423,67e6d138d285ef17a1baf4c6,Store E,24,2025-03-20T00:00:00Z,Google,B&H,1327
Google Pixel 7,337,335423,3.0,337,335423,67e6d138d285ef17a1baf4c6,Store E,24,2025-03-20T00:00:00Z,Google,Best Buy,1439
Google Pixel 7,337,335423,3.0,337,335423,67e6d138d285ef17a1baf4c6,Store E,24,2025-03-20T00:00:00Z,Google,Newegg,1310
Google Pixel 7,337,335423,3.0,337,335423,67e6d138d285ef17a1baf4c6,Store E,24,2025-03-20T00:00:00Z,Google,Target,738
Google Pixel 7,337,335423,3.0,337,335423,67e6d138d285ef17a1baf4c6,Store E,24,2025-03-20T00:00:00Z,Google,Best Buy,1003
Google Pixel 7,337,335423,3.0,337,335423,67e6d138d285ef17a1baf4c6,Store E,24,2025-03-20T00:00:00Z,Google,Newegg,1232
Google Pixel 7,337,335423,3.0,337,335423,67e6d138d285ef17a1baf4c6,Store E,24,2025-03-20T00:00:00Z,Google,Best Buy,915
Google Pixel 7,337,335423,3.0,337,335423,67e6d138d285ef17a1baf4ca,Store B,69,2025-02-11T00:00:00Z,Google,Target,1002
Google Pixel 7,337,335423,3.0,337,335423,67e6d138d285ef17a1baf4ca,Store B,69,2025-02-11T00:00:00Z,Google,B&H,1385
Google Pixel 7,337,335423,3.0,337,335423,67e6d138d285ef17a1baf4ca,Store B,69,2025-02-11T00:00:00Z,Google,Best Buy,663
Google Pixel 7,337,335423,3.0,337,335423,67e6d138d285ef17a1baf4ca,Store B,69,2025-02-11T00:00:00Z,Google,B&H,1327
Google Pixel 7,337,335423,3.0,337,335423,67e6d138d285ef17a1baf4ca,Store B,69,2025-02-11T00:00:00Z,Google,Best Buy,1439
Google Pixel 7,337,335423,3.0,337,335423,67e6d138d285ef17a1baf4ca,Store B,69,2025-02-11T00:00:00Z,Google,Newegg,1310
Google Pixel 7,337,335423,3.0,337,335423,67e6d138d285ef17a1baf4ca,Store B,69,2025-02-11T00:00:00Z,Google,Target,738
Google Pixel 7,337,335423,3.0,337,335423,67e6d138d285ef17a1baf4ca,Store B,69,2025-02-11T00:00:00Z,Google,Best Buy,1003
Google Pixel 7,337,335423,3.0,337,335423,67e6d138d285ef17a1baf4ca,Store B,69,2025-02-11T00:00:00Z,Google,Newegg,1232
Google Pixel 7,337,335423,3.0,337,335423,67e6d138d285ef17a1baf4ca,Store B,69,2025-02-11T00:00:00Z,Google,Best Buy,915
Google Pixel 7,337,335423,3.0,337,335423,67e6d138d285ef17a1baf4cd,Store A,60,2025-03-01T00:00:00Z,Google,Target,1002
Google Pixel 7,337,335423,3.0,337,335423,67e6d138d285ef17a1baf4cd,Store A,60,2025-03-01T00:00:00Z,Google,B&H,1385
Google Pixel 7,337,335423,3.0,337,335423,67e6d138d285ef17a1baf4cd,Store A,60,2025-03-01T00:00:00Z,Google,Best Buy,663
Google Pixel 7,337,335423,3.0,337,335423,67e6d138d285ef17a1baf4cd,Store A,60,2025-03-01T00:00:00Z,Google,B&H,1327
Google Pixel 7,337,335423,3.0,337,335423,67e6d138d285ef17a1baf4cd,Store A,60,2025-03-01T00:00:00Z,Google,Best Buy,1439
Google Pixel 7,337,335423,3.0,337,335423,67e6d138d285ef17a1baf4cd,Store A,60,2025-03-01T00:00:00Z,Google,Newegg,1310
Google Pixel 7,337,335423,3.0,337,335423,67e6d138d285ef17a1baf4cd,Store A,60,2025-03-01T00:00:00Z,Google,Target,738
Google Pixel 7,337,335423,3.0,337,335423,67e6d138d285ef17a1baf4cd,Store A,60,2025-03-01T00:00:00Z,Google,Best Buy,1003
Google Pixel 7,337,335423,3.0,337,335423,67e6d138d285ef17a1baf4cd,Store A,60,2025-03-01T00:00:00Z,Google,Newegg,1232
Google Pixel 7,337,335423,3.0,337,335423,67e6d138d285ef17a1baf4cd,Store A,60,2025-03-01T00:00:00Z,Google,Best Buy,915
Google Pixel 7,337,335423,3.0,337,335423,67e6d138d285ef17a1baf4d0,Store D,4,2025-03-02T00:00:00Z,Google,Target,1002
Google Pixel 7,337,335423,3.0,337,335423,67e6d138d285ef17a1baf4d0,Store D,4,2025-03-02T00:00:00Z,Google,B&H,1385
Google Pixel 7,337,335423,3.0,337,335423,67e6d138d285ef17a1baf4d0,Store D,4,2025-03-02T00:00:00Z,Google,Best Buy,663
Google Pixel 7,337,335423,3.0,337,335423,67e6d138d285ef17a1baf4d0,Store D,4,2025-03-02T00:00:00Z,Google,B&H,1327
Google Pixel 7,337,335423,3.0,337,335423,67e6d138d285ef17a1baf4d0,Store D,4,2025-03-02T00:00:00Z,Google,Best Buy,1439
Google Pixel 7,337,335423,3.0,337,335423,67e6d138d285ef17a1baf4d0,Store D,4,2025-03-02T00:00:00Z,Google,Newegg,1310
Google Pixel 7,337,335423,3.0,337,335423,67e6d138d285ef17a1baf4d0,Store D,4,2025-03-02T00:00:00Z,Google,Target,738
Google Pixel 7,337,335423,3.0,337,335423,67e6d138d285ef17a1baf4d0,Store D,4,2025-03-02T00:00:00Z,Google,Best Buy,1003
Google Pixel 7,337,335423,3.0,337,335423,67e6d138d285ef17a1baf4d0,Store D,4,2025-03-02T00:00:00Z,Google,Newegg,1232
Google Pixel 7,337,335423,3.0,337,335423,67e6d138d285ef17a1baf4d0,Store D,4,2025-03-02T00:00:00Z,Google,Best Buy,915
Google Pixel 7,337,335423,3.0,337,335423,67e6d138d285ef17a1baf4d8,Store D,88,2025-02-24T00:00:00Z,Google,Target,1002
Google Pixel 7,337,335423,3.0,337,335423,67e6d138d285ef17a1baf4d8,Store D,88,2025-02-24T00:00:00Z,Google,B&H,1385
Google Pixel 7,337,335423,3.0,337,335423,67e6d138d285ef17a1baf4d8,Store D,88,2025-02-24T00:00:00Z,Google,Best Buy,663
Google Pixel 7,337,335423,3.0,337,335423,67e6d138d285ef17a1baf4d8,Store D,88,2025-02-24T00:00:00Z,Google,B&H,1327
Google Pixel 7,337,335423,3.0,337,335423,67e6d138d285ef17a1baf4d8,Store D,88,2025-02-24T00:00:00Z,Google,Best Buy,1439
Google Pixel 7,337,335423,3.0,337,335423,67e6d138d285ef17a1baf4d8,Store D,88,2025-02-24T00:00:00Z,Google,Newegg,1310
Google Pixel 7,337,335423,3.0,337,335423,67e6d138d285ef17a1baf4d8,Store D,88,2025-02-24T00:00:00Z,Google,Target,738
Google Pixel 7,337,335423,3.0,337,335423,67e6d138d285ef17a1baf4d8,Store D,88,2025-02-24T00:00:00Z,Google,Best Buy,1003
Google Pixel 7,337,335423,3.0,337,335423,67e6d138d285ef17a1baf4d8,Store D,88,2025-02-24T00:00:00Z,Google,Newegg,1232
Google Pixel 7,337,335423,3.0,337,335423,67e6d138d285ef17a1baf4d8,Store D,88,2025-02-24T00:00:00Z,Google,Best Buy,915
Google Pixel 7,337,335423,3.0,337,335423,67e6d138d285ef17a1baf4b9,Store A,34,2025-02-10T00:00:00Z,Google,Target,1002
Google Pixel 7,337,335423,3.0,337,335423,67e6d138d285ef17a1baf4b9,Store A,34,2025-02-10T00:00:00Z,Google,B&H,1385
Google Pixel 7,337,335423,3.0,337,335423,67e6d138d285ef17a1baf4b9,Store A,34,2025-02-10T00:00:00Z,Google,Best Buy,663
Google Pixel 7,337,335423,3.0,337,335423,67e6d138d285ef17a1baf4b9,Store A,34,2025-02-10T00:00:00Z,Google,B&H,1327
Google Pixel 7,337,335423,3.0,337,335423,67e6d138d285ef17a1baf4b9,Store A,34,2025-02-10T00:00:00Z,Google,Best Buy,1439
Google Pixel 7,337,335423,3.0,337,335423,67e6d138d285ef17a1baf4b9,Store A,34,2025-02-10T00:00:00Z,Google,Newegg,1310
Google Pixel 7,337,335423,3.0,337,335423,67e6d138d285ef17a1baf4b9,Store A,34,2025-02-10T00:00:00Z,Google,Target,738
Google Pixel 7,337,335423,3.0,337,335423,67e6d138d285ef17a1baf4b9,Store A,34,2025-02-10T00:00:00Z,Google,Best Buy,1003
Google Pixel 7,337,335423,3.0,337,335423,67e6d138d285ef17a1baf4b9,Store A,34,2025-02-10T00:00:00Z,Google,Newegg,1232
Google Pixel 7,337,335423,3.0,337,335423,67e6d138d285ef17a1baf4b9,Store A,34,2025-02-10T00:00:00Z,Google,Best Buy,915
Google Pixel 7,337,335423,3.0,337,335423,67e6d138d285ef17a1baf4ba,Store A,41,2025-02-20T00:00:00Z,Google,Target,1002
Google Pixel 7,337,335423,3.0,337,335423,67e6d138d285ef17a1baf4ba,Store A,41,2025-02-20T00:00:00Z,Google,B&H,1385
Google Pixel 7,337,335423,3.0,337,335423,67e6d138d285ef17a1baf4ba,Store A,41,2025-02-20T00:00:00Z,Google,Best Buy,663
Google Pixel 7,337,335423,3.0,337,335423,67e6d138d285ef17a1baf4ba,Store A,41,2025-02-20T00:00:00Z,Google,B&H,1327
Google Pixel 7,337,335423,3.0,337,335423,67e6d138d285ef17a1baf4ba,Store A,41,2025-02-20T00:00:00Z,Google,Best Buy,1439
Google Pixel 7,337,335423,3.0,337,335423,67e6d138d285ef17a1baf4ba,Store A,41,2025-02-20T00:00:00Z,Google,Newegg,1310
Google Pixel 7,337,335423,3.0,337,335423,67e6d138d285ef17a1baf4ba,Store A,41,2025-02-20T00:00:00Z,Google,Target,738
Google Pixel 7,337,335423,3.0,337,335423,67e6d138d285ef17a1baf4ba,Store A,41,2025-02-20T00:00:00Z,Google,Best Buy,1003
Google Pixel 7,337,335423,3.0,337,335423,67e6d138d285ef17a1baf4ba,Store A,41,2025-02-20T00:00:00Z,Google,Newegg,1232
Google Pixel 7,337,335423,3.0,337,335423,67e6d138d285ef17a1baf4ba,Store A,41,2025-02-20T00:00:00Z,Google,Best Buy,915
Google Pixel 7,337,335423,3.0,337,335423,67e6d138d285ef17a1baf4c8,Store B,39,2025-02-09T00:00:00Z,Google,Target,1002
Google Pixel 7,337,335423,3.0,337,335423,67e6d138d285ef17a1baf4c8,Store B,39,2025-02-09T00:00:00Z,Google,B&H,1385
Google Pixel 7,337,335423,3.0,337,335423,67e6d138d285ef17a1baf4c8,Store B,39,2025-02-09T00:00:00Z,Google,Best Buy,663
Google Pixel 7,337,335423,3.0,337,335423,67e6d138d285ef17a1baf4c8,Store B,39,2025-02-09T00:00:00Z,Google,B&H,1327
Google Pixel 7,337,335423,3.0,337,335423,67e6d138d285ef17a1baf4c8,Store B,39,2025-02-09T00:00:00Z,Google,Best Buy,1439
Google Pixel 7,337,335423,3.0,337,335423,67e6d138d285ef17a1baf4c8,Store B,39,2025-02-09T00:00:00Z,Google,Newegg,1310
Google Pixel 7,337,335423,3.0,337,335423,67e6d138d285ef17a1baf4c8,Store B,39,2025-02-09T00:00:00Z,Google,Target,738
Google Pixel 7,337,335423,3.0,337,335423,67e6d138d285ef17a1baf4c8,Store B,39,2025-02-09T00:00:00Z,Google,Best Buy,1003
Google Pixel 7,337,335423,3.0,337,335423,67e6d138d285ef17a1baf4c8,Store B,39,2025-02-09T00:00:00Z,Google,Newegg,1232
Google Pixel 7,337,335423,3.0,337,335423,67e6d138d285ef17a1baf4c8,Store B,39,2025-02-09T00:00:00Z,Google,Best Buy,915
Google Pixel 7,337,335423,3.0,337,335423,67e6d138d285ef17a1baf4d1,Store D,83,2025-03-05T00:00:00Z,Google,Target,1002
Google Pixel 7,337,335423,3.0,337,335423,67e6d138d285ef17a1baf4d1,Store D,83,2025-03-05T00:00:00Z,Google,B&H,1385
Google Pixel 7,337,335423,3.0,337,335423,67e6d138d285ef17a1baf4d1,Store D,83,2025-03-05T00:00:00Z,Google,Best Buy,663
Google Pixel 7,337,335423,3.0,337,335423,67e6d138d285ef17a1baf4d1,Store D,83,2025-03-05T00:00:00Z,Google,B&H,1327
Google Pixel 7,337,335423,3.0,337,335423,67e6d138d285ef17a1baf4d1,Store D,83,2025-03-05T00:00:00Z,Google,Best Buy,1439
Google Pixel 7,337,335423,3.0,337,335423,67e6d138d285ef17a1baf4d1,Store D,83,2025-03-05T00:00:00Z,Google,Newegg,1310
Google Pixel 7,337,335423,3.0,337,335423,67e6d138d285ef17a1baf4d1,Store D,83,2025-03-05T00:00:00Z,Google,Target,738
Google Pixel 7,337,335423,3.0,337,335423,67e6d138d285ef17a1baf4d1,Store D,83,2025-03-05T00:00:00Z,Google,Best Buy,1003
Google Pixel 7,337,335423,3.0,337,335423,67e6d138d285ef17a1baf4d1,Store D,83,2025-03-05T00:00:00Z,Google,Newegg,1232
Google Pixel 7,337,335423,3.0,337,335423,67e6d138d285ef17a1baf4d1,Store D,83,2025-03-05T00:00:00Z,Google,Best Buy,915
Google Pixel 7,337,335423,3.0,337,335423,67e6d138d285ef17a1baf4a9,Store A,52,2025-03-10T00:00:00Z,Google,Target,1002
Google Pixel 7,337,335423,3.0,337,335423,67e6d138d285ef17a1baf4a9,Store A,52,2025-03-10T00:00:00Z,Google,B&H,1385
Google Pixel 7,337,335423,3.0,337,335423,67e6d138d285ef17a1baf4a9,Store A,52,2025-03-10T00:00:00Z,Google,Best Buy,663
Google Pixel 7,337,335423,3.0,337,335423,67e6d138d285ef17a1baf4a9,Store A,52,2025-03-10T00:00:00Z,Google,B&H,1327
Google Pixel 7,337,335423,3.0,337,335423,67e6d138d285ef17a1baf4a9,Store A,52,2025-03-10T00:00:00Z,Google,Best Buy,1439
Google Pixel 7,337,335423,3.0,337,335423,67e6d138d285ef17a1baf4a9,Store A,52,2025-03-10T00:00:00Z,Google,Newegg,1310
Google Pixel 7,337,335423,3.0,337,335423,67e6d138d285ef17a1baf4a9,Store A,52,2025-03-10T00:00:00Z,Google,Target,738
Google Pixel 7,337,335423,3.0,337,335423,67e6d138d285ef17a1baf4a9,Store A,52,2025-03-10T00:00:00Z,Google,Best Buy,1003
Google Pixel 7,337,335423,3.0,337,335423,67e6d138d285ef17a1baf4a9,Store A,52,2025-03-10T00:00:00Z,Google,Newegg,1232
Google Pixel 7,337,335423,3.0,337,335423,67e6d138d285ef17a1baf4a9,Store A,52,2025-03-10T00:00:00Z,Google,Best Buy,915
Google Pixel 7,337,335423,3.0,337,335423,67e6d138d285ef17a1baf4ae,Store D,47,2025-03-11T00:00:00Z,Google,Target,1002
Google Pixel 7,337,335423,3.0,337,335423,67e6d138d285ef17a1baf4ae,Store D,47,2025-03-11T00:00:00Z,Google,B&H,1385
Google Pixel 7,337,335423,3.0,337,335423,67e6d138d285ef17a1baf4ae,Store D,47,2025-03-11T00:00:00Z,Google,Best Buy,663
Google Pixel 7,337,335423,3.0,337,335423,67e6d138d285ef17a1baf4ae,Store D,47,2025-03-11T00:00:00Z,Google,B&H,1327
Google Pixel 7,337,335423,3.0,337,335423,67e6d138d285ef17a1baf4ae,Store D,47,2025-03-11T00:00:00Z,Google,Best Buy,1439
Google Pixel 7,337,335423,3.0,337,335423,67e6d138d285ef17a1baf4ae,Store D,47,2025-03-11T00:00:00Z,Google,Newegg,1310
Google Pixel 7,337,335423,3.0,337,335423,67e6d138d285ef17a1baf4ae,Store D,47,2025-03-11T00:00:00Z,Google,Target,738
Google Pixel 7,337,335423,3.0,337,335423,67e6d138d285ef17a1baf4ae,Store D,47,2025-03-11T00:00:00Z,Google,Best Buy,1003
Google Pixel 7,337,335423,3.0,337,335423,67e6d138d285ef17a1baf4ae,Store D,47,2025-03-11T00:00:00Z,Google,Newegg,1232
Google Pixel 7,337,335423,3.0,337,335423,67e6d138d285ef17a1baf4ae,Store D,47,2025-03-11T00:00:00Z,Google,Best Buy,915
Google Pixel 7,337,335423,3.0,337,335423,67e6d138d285ef17a1baf4b4,Store E,74,2025-03-12T00:00:00Z,Google,Target,1002
Google Pixel 7,337,335423,3.0,337,335423,67e6d138d285ef17a1baf4b4,Store E,74,2025-03-12T00:00:00Z,Google,B&H,1385
Google Pixel 7,337,335423,3.0,337,335423,67e6d138d285ef17a1baf4b4,Store E,74,2025-03-12T00:00:00Z,Google,Best Buy,663
Google Pixel 7,337,335423,3.0,337,335423,67e6d138d285ef17a1baf4b4,Store E,74,2025-03-12T00:00:00Z,Google,B&H,1327
Google Pixel 7,337,335423,3.0,337,335423,67e6d138d285ef17a1baf4b4,Store E,74,2025-03-12T00:00:00Z,Google,Best Buy,1439
Google Pixel 7,337,335423,3.0,337,335423,67e6d138d285ef17a1baf4b4,Store E,74,2025-03-12T00:00:00Z,Google,Newegg,1310
Google Pixel 7,337,335423,3.0,337,335423,67e6d138d285ef17a1baf4b4,Store E,74,2025-03-12T00:00:00Z,Google,Target,738
Google Pixel 7,337,335423,3.0,337,335423,67e6d138d285ef17a1baf4b4,Store E,74,2025-03-12T00:00:00Z,Google,Best Buy,1003
Google Pixel 7,337,335423,3.0,337,335423,67e6d138d285ef17a1baf4b4,Store E,74,2025-03-12T00:00:00Z,Google,Newegg,1232
Google Pixel 7,337,335423,3.0,337,335423,67e6d138d285ef17a1baf4b4,Store E,74,2025-03-12T00:00:00Z,Google,Best Buy,915
Google Pixel 7,337,335423,3.0,337,335423,67e6d138d285ef17a1baf4bd,Store C,57,2025-03-19T00:00:00Z,Google,Target,1002
Google Pixel 7,337,335423,3.0,337,335423,67e6d138d285ef17a1baf4bd,Store C,57,2025-03-19T00:00:00Z,Google,B&H,1385
Google Pixel 7,337,335423,3.0,337,335423,67e6d138d285ef17a1baf4bd,Store C,57,2025-03-19T00:00:00Z,Google,Best Buy,663
Google Pixel 7,337,335423,3.0,337,335423,67e6d138d285ef17a1baf4bd,Store C,57,2025-03-19T00:00:00Z,Google,B&H,1327
Google Pixel 7,337,335423,3.0,337,335423,67e6d138d285ef17a1baf4bd,Store C,57,2025-03-19T00:00:00Z,Google,Best Buy,1439
Google Pixel 7,337,335423,3.0,337,335423,67e6d138d285ef17a1baf4bd,Store C,57,2025-03-19T00:00:00Z,Google,Newegg,1310
Google Pixel 7,337,335423,3.0,337,335423,67e6d138d285ef17a1baf4bd,Store C,57,2025-03-19T00:00:00Z,Google,Target,738
Google Pixel 7,337,335423,3.0,337,335423,67e6d138d285ef17a1baf4bd,Store C,57,2025-03-19T00:00:00Z,Google,Best Buy,1003
Google Pixel 7,337,335423,3.0,337,335423,67e6d138d285ef17a1baf4bd,Store C,57,2025-03-19T00:00:00Z,Google,Newegg,1232
Google Pixel 7,337,335423,3.0,337,335423,67e6d138d285ef17a1baf4bd,Store C,57,2025-03-19T00:00:00Z,Google,Best Buy,915
Google Pixel 7,337,335423,3.0,337,335423,67e6d138d285ef17a1baf4c5,Store D,0,2025-03-13T00:00:00Z,Google,Target,1002
Google Pixel 7,337,335423,3.0,337,335423,67e6d138d285ef17a1baf4c5,Store D,0,2025-03-13T00:00:00Z,Google,B&H,1385
Google Pixel 7,337,335423,3.0,337,335423,67e6d138d285ef17a1baf4c5,Store D,0,2025-03-13T00:00:00Z,Google,Best Buy,663
Google Pixel 7,337,335423,3.0,337,335423,67e6d138d285ef17a1baf4c5,Store D,0,2025-03-13T00:00:00Z,Google,B&H,1327
Google Pixel 7,337,335423,3.0,337,335423,67e6d138d285ef17a1baf4c5,Store D,0,2025-03-13T00:00:00Z,Google,Best Buy,1439
Google Pixel 7,337,335423,3.0,337,335423,67e6d138d285ef17a1baf4c5,Store D,0,2025-03-13T00:00:00Z,Google,Newegg,1310
Google Pixel 7,337,335423,3.0,337,335423,67e6d138d285ef17a1baf4c5,Store D,0,2025-03-13T00:00:00Z,Google,Target,738
Google Pixel 7,337,335423,3.0,337,335423,67e6d138d285ef17a1baf4c5,Store D,0,2025-03-13T00:00:00Z,Google,Best Buy,1003
Google Pixel 7,337,335423,3.0,337,335423,67e6d138d285ef17a1baf4c5,Store D,0,2025-03-13T00:00:00Z,Google,Newegg,1232
Google Pixel 7,337,335423,3.0,337,335423,67e6d138d285ef17a1baf4c5,Store D,0,2025-03-13T00:00:00Z,Google,Best Buy,915
Google Pixel 7,337,335423,3.0,337,335423,67e6d138d285ef17a1baf4ac,Store E,92,2025-03-11T00:00:00Z,Google,Target,1002
Google Pixel 7,337,335423,3.0,337,335423,67e6d138d285ef17a1baf4ac,Store E,92,2025-03-11T00:00:00Z,Google,B&H,1385
Google Pixel 7,337,335423,3.0,337,335423,67e6d138d285ef17a1baf4ac,Store E,92,2025-03-11T00:00:00Z,Google,Best Buy,663
Google Pixel 7,337,335423,3.0,337,335423,67e6d138d285ef17a1baf4ac,Store E,92,2025-03-11T00:00:00Z,Google,B&H,1327
Google Pixel 7,337,335423,3.0,337,335423,67e6d138d285ef17a1baf4ac,Store E,92,2025-03-11T00:00:00Z,Google,Best Buy,1439
Google Pixel 7,337,335423,3.0,337,335423,67e6d138d285ef17a1baf4ac,Store E,92,2025-03-11T00:00:00Z,Google,Newegg,1310
Google Pixel 7,337,335423,3.0,337,335423,67e6d138d285ef17a1baf4ac,Store E,92,2025-03-11T00:00:00Z,Google,Target,738
Google Pixel 7,337,335423,3.0,337,335423,67e6d138d285ef17a1baf4ac,Store E,92,2025-03-11T00:00:00Z,Google,Best Buy,1003
Google Pixel 7,337,335423,3.0,337,335423,67e6d138d285ef17a1baf4ac,Store E,92,2025-03-11T00:00:00Z,Google,Newegg,1232
Google Pixel 7,337,335423,3.0,337,335423,67e6d138d285ef17a1baf4ac,Store E,92,2025-03-11T00:00:00Z,Google,Best Buy,915
Google Pixel 7,337,335423,3.0,337,335423,67e6d138d285ef17a1baf4b0,Store B,44,2025-02-18T00:00:00Z,Google,Target,1002
Google Pixel 7,337,335423,3.0,337,335423,67e6d138d285ef17a1baf4b0,Store B,44,2025-02-18T00:00:00Z,Google,B&H,1385
Google Pixel 7,337,335423,3.0,337,335423,67e6d138d285ef17a1baf4b0,Store B,44,2025-02-18T00:00:00Z,Google,Best Buy,663
Google Pixel 7,337,335423,3.0,337,335423,67e6d138d285ef17a1baf4b0,Store B,44,2025-02-18T00:00:00Z,Google,B&H,1327
Google Pixel 7,337,335423,3.0,337,335423,67e6d138d285ef17a1baf4b0,Store B,44,2025-02-18T00:00:00Z,Google,Best Buy,1439
Google Pixel 7,337,335423,3.0,337,335423,67e6d138d285ef17a1baf4b0,Store B,44,2025-02-18T00:00:00Z,Google,Newegg,1310
Google Pixel 7,337,335423,3.0,337,335423,67e6d138d285ef17a1baf4b0,Store B,44,2025-02-18T00:00:00Z,Google,Target,738
Google Pixel 7,337,335423,3.0,337,335423,67e6d138d285ef17a1baf4b0,Store B,44,2025-02-18T00:00:00Z,Google,Best Buy,1003
Google Pixel 7,337,335423,3.0,337,335423,67e6d138d285ef17a1baf4b0,Store B,44,2025-02-18T00:00:00Z,Google,Newegg,1232
Google Pixel 7,337,335423,3.0,337,335423,67e6d138d285ef17a1baf4b0,Store B,44,2025-02-18T00:00:00Z,Google,Best Buy,915
Google Pixel 7,337,335423,3.0,337,335423,67e6d138d285ef17a1baf4c2,Store A,100,2025-02-16T00:00:00Z,Google,Target,1002
Google Pixel 7,337,335423,3.0,337,335423,67e6d138d285ef17a1baf4c2,Store A,100,2025-02-16T00:00:00Z,Google,B&H,1385
Google Pixel 7,337,335423,3.0,337,335423,67e6d138d285ef17a1baf4c2,Store A,100,2025-02-16T00:00:00Z,Google,Best Buy,663
Google Pixel 7,337,335423,3.0,337,335423,67e6d138d285ef17a1baf4c2,Store A,100,2025-02-16T00:00:00Z,Google,B&H,1327
Google Pixel 7,337,335423,3.0,337,335423,67e6d138d285ef17a1baf4c2,Store A,100,2025-02-16T00:00:00Z,Google,Best Buy,1439
Google Pixel 7,337,335423,3.0,337,335423,67e6d138d285ef17a1baf4c2,Store A,100,2025-02-16T00:00:00Z,Google,Newegg,1310
Google Pixel 7,337,335423,3.0,337,335423,67e6d138d285ef17a1baf4c2,Store A,100,2025-02-16T00:00:00Z,Google,Target,738
Google Pixel 7,337,335423,3.0,337,335423,67e6d138d285ef17a1baf4c2,Store A,100,2025-02-16T00:00:00Z,Google,Best Buy,1003
Google Pixel 7,337,335423,3.0,337,335423,67e6d138d285ef17a1baf4c2,Store A,100,2025-02-16T00:00:00Z,Google,Newegg,1232
Google Pixel 7,337,335423,3.0,337,335423,67e6d138d285ef17a1baf4c2,Store A,100,2025-02-16T00:00:00Z,Google,Best Buy,915
Google Pixel 7,337,335423,3.0,337,335423,67e6d138d285ef17a1baf4cc,Store E,98,2025-03-19T00:00:00Z,Google,Target,1002
Google Pixel 7,337,335423,3.0,337,335423,67e6d138d285ef17a1baf4cc,Store E,98,2025-03-19T00:00:00Z,Google,B&H,1385
Google Pixel 7,337,335423,3.0,337,335423,67e6d138d285ef17a1baf4cc,Store E,98,2025-03-19T00:00:00Z,Google,Best Buy,663
Google Pixel 7,337,335423,3.0,337,335423,67e6d138d285ef17a1baf4cc,Store E,98,2025-03-19T00:00:00Z,Google,B&H,1327
Google Pixel 7,337,335423,3.0,337,335423,67e6d138d285ef17a1baf4cc,Store E,98,2025-03-19T00:00:00Z,Google,Best Buy,1439
Google Pixel 7,337,335423,3.0,337,335423,67e6d138d285ef17a1baf4cc,Store E,98,2025-03-19T00:00:00Z,Google,Newegg,1310
Google Pixel 7,337,335423,3.0,337,335423,67e6d138d285ef17a1baf4cc,Store E,98,2025-03-19T00:00:00Z,Google,Target,738
Google Pixel 7,337,335423,3.0,337,335423,67e6d138d285ef17a1baf4cc,Store E,98,2025-03-19T00:00:00Z,Google,Best Buy,1003
Google Pixel 7,337,335423,3.0,337,335423,67e6d138d285ef17a1baf4cc,Store E,98,2025-03-19T00:00:00Z,Google,Newegg,1232
Google Pixel 7,337,335423,3.0,337,335423,67e6d138d285ef17a1baf4cc,Store E,98,2025-03-19T00:00:00Z,Google,Best Buy,915
Google Pixel 7,337,335423,3.0,337,335423,67e6d138d285ef17a1baf4d6,Store D,87,2025-02-01T00:00:00Z,Google,Target,1002
Google Pixel 7,337,335423,3.0,337,335423,67e6d138d285ef17a1baf4d6,Store D,87,2025-02-01T00:00:00Z,Google,B&H,1385
Google Pixel 7,337,335423,3.0,337,335423,67e6d138d285ef17a1baf4d6,Store D,87,2025-02-01T00:00:00Z,Google,Best Buy,663
Google Pixel 7,337,335423,3.0,337,335423,67e6d138d285ef17a1baf4d6,Store D,87,2025-02-01T00:00:00Z,Google,B&H,1327
Google Pixel 7,337,335423,3.0,337,335423,67e6d138d285ef17a1baf4d6,Store D,87,2025-02-01T00:00:00Z,Google,Best Buy,1439
Google Pixel 7,337,335423,3.0,337,335423,67e6d138d285ef17a1baf4d6,Store D,87,2025-02-01T00:00:00Z,Google,Newegg,1310
Google Pixel 7,337,335423,3.0,337,335423,67e6d138d285ef17a1baf4d6,Store D,87,2025-02-01T00:00:00Z,Google,Target,738
Google Pixel 7,337,335423,3.0,337,335423,67e6d138d285ef17a1baf4d6,Store D,87,2025-02-01T00:00:00Z,Google,Best Buy,1003
Google Pixel 7,337,335423,3.0,337,335423,67e6d138d285ef17a1baf4d6,Store D,87,2025-02-01T00:00:00Z,Google,Newegg,1232
Google Pixel 7,337,335423,3.0,337,335423,67e6d138d285ef17a1baf4d6,Store D,87,2025-02-01T00:00:00Z,Google,Best Buy,915
Iphone 14 Pro,284,406978,2.4,284,406978,67e6d138d285ef17a1baf4ab,Store A,50,2025-02-10T00:00:00Z,iPhone,Newegg,1045
Iphone 14 Pro,284,406978,2.4,284,406978,67e6d138d285ef17a1baf4ab,Store A,50,2025-02-10T00:00:00Z,iPhone,Target,705
Iphone 14 Pro,284,406978,2.4,284,406978,67e6d138d285ef17a1baf4ab,Store A,50,2025-02-10T00:00:00Z,iPhone,Newegg,1335
Iphone 14 Pro,284,406978,2.4,284,406978,67e6d138d285ef17a1baf4ab,Store A,50,2025-02-10T00:00:00Z,iPhone,B&H,1268
Iphone 14 Pro,284,406978,2.4,284,406978,67e6d138d285ef17a1baf4ab,Store A,50,2025-02-10T00:00:00Z,iPhone,Micro Center,597
Iphone 14 Pro,284,406978,2.4,284,406978,67e6d138d285ef17a1baf4ab,Store A,50,2025-02-10T00:00:00Z,iPhone,Target,1356
Iphone 14 Pro,284,406978,2.4,284,406978,67e6d138d285ef17a1baf4ab,Store A,50,2025-02-10T00:00:00Z,iPhone,Newegg,1209
Iphone 14 Pro,284,406978,2.4,284,406978,67e6d138d285ef17a1baf4ab,Store A,50,2025-02-10T00:00:00Z,iPhone,Micro Center,913
Iphone 14 Pro,284,406978,2.4,284,406978,67e6d138d285ef17a1baf4ab,Store A,50,2025-02-10T00:00:00Z,iPhone,Best Buy,1421
Iphone 14 Pro,284,406978,2.4,284,406978,67e6d138d285ef17a1baf4ab,Store A,50,2025-02-10T00:00:00Z,iPhone,Micro Center,817
Iphone 14 Pro,284,406978,2.4,284,406978,67e6d138d285ef17a1baf4b2,Store B,99,2025-02-12T00:00:00Z,iPhone,Newegg,1045
Iphone 14 Pro,284,406978,2.4,284,406978,67e6d138d285ef17a1baf4b2,Store B,99,2025-02-12T00:00:00Z,iPhone,Target,705
Iphone 14 Pro,284,406978,2.4,284,406978,67e6d138d285ef17a1baf4b2,Store B,99,2025-02-12T00:00:00Z,iPhone,Newegg,1335
Iphone 14 Pro,284,406978,2.4,284,406978,67e6d138d285ef17a1baf4b2,Store B,99,2025-02-12T00:00:00Z,iPhone,B&H,1268
Iphone 14 Pro,284,406978,2.4,284,406978,67e6d138d285ef17a1baf4b2,Store B,99,2025-02-12T00:00:00Z,iPhone,Micro Center,597
Iphone 14 Pro,284,406978,2.4,284,406978,67e6d138d285ef17a1baf4b2,Store B,99,2025-02-12T00:00:00Z,iPhone,Target,1356
Iphone 14 Pro,284,406978,2.4,284,406978,67e6d138d285ef17a1baf4b2,Store B,99,2025-02-12T00:00:00Z,iPhone,Newegg,1209
Iphone 14 Pro,284,406978,2.4,284,406978,67e6d138d285ef17a1baf4b2,Store B,99,2025-02-12T00:00:00Z,iPhone,Micro Center,913
Iphone 14 Pro,284,406978,2.4,284,406978,67e6d138d285ef17a1baf4b2,Store B,99,2025-02-12T00:00:00Z,iPhone,Best Buy,1421
Iphone 14 Pro,284,406978,2.4,284,406978,67e6d138d285ef17a1baf4b2,Store B,99,2025-02-12T00:00:00Z,iPhone,Micro Center,817
Iphone 14 Pro,284,406978,2.4,284,406978,67e6d138d285ef17a1baf4bf,Store C,76,2025-03-09T00:00:00Z,iPhone,Newegg,1045
Iphone 14 Pro,284,406978,2.4,284,406978,67e6d138d285ef17a1baf4bf,Store C,76,2025-03-09T00:00:00Z,iPhone,Target,705
Iphone 14 Pro,284,406978,2.4,284,406978,67e6d138d285ef17a1baf4bf,Store C,76,2025-03-09T00:00:00Z,iPhone,Newegg,1335
Iphone 14 Pro,284,406978,2.4,284,406978,67e6d138d285ef17a1baf4bf,Store C,76,2025-03-09T00:00:00Z,iPhone,B&H,1268
Iphone 14 Pro,284,406978,2.4,284,406978,67e6d138d285ef17a1baf4bf,Store C,76,2025-03-09T00:00:00Z,iPhone,Micro Center,597
Iphone 14 Pro,284,406978,2.4,284,406978,67e6d138d285ef17a1baf4bf,Store C,76,2025-03-09T00:00:00Z,iPhone,Target,1356
Iphone 14 Pro,284,406978,2.4,284,406978,67e6d138d285ef17a1baf4bf,Store C,76,2025-03-09T00:00:00Z,iPhone,Newegg,1209
Iphone 14 Pro,284,406978,2.4,284,406978,67e6d138d285ef17a1baf4bf,Store C,76,2025-03-09T00:00:00Z,iPhone,Micro Center,913
Iphone 14 Pro,284,406978,2.4,284,406978,67e6d138d285ef17a1baf4bf,Store C,76,2025-03-09T00:00:00Z,iPhone,Best Buy,1421
Iphone 14 Pro,284,406978,2.4,284,406978,67e6d138d285ef17a1baf4bf,Store C,76,2025-03-09T00:00:00Z,iPhone,Micro Center,817
Iphone 14 Pro,284,406978,2.4,284,406978,67e6d138d285ef17a1baf4b1,Store D,56,2025-02-19T00:00:00Z,iPhone,Newegg,1045
Iphone 14 Pro,284,406978,2.4,284,406978,67e6d138d285ef17a1baf4b1,Store D,56,2025-02-19T00:00:00Z,iPhone,Target,705
Iphone 14 Pro,284,406978,2.4,284,406978,67e6d138d285ef17a1baf4b1,Store D,56,2025-02-19T00:00:00Z,iPhone,Newegg,1335
Iphone 14 Pro,284,406978,2.4,284,406978,67e6d138d285ef17a1baf4b1,Store D,56,2025-02-19T00:00:00Z,iPhone,B&H,1268
Iphone 14 Pro,284,406978,2.4,284,406978,67e6d138d285ef17a1baf4b1,Store D,56,2025-02-19T00:00:00Z,iPhone,Micro Center,597
Iphone 14 Pro,284,406978,2.4,284,406978,67e6d138d285ef17a1baf4b1,Store D,56,2025-02-19T00:00:00Z,iPhone,Target,1356
Iphone 14 Pro,284,406978,2.4,284,406978,67e6d138d285ef17a1baf4b1,Store D,56,2025-02-19T00:00:00Z,iPhone,Newegg,1209
Iphone 14 Pro,284,406978,2.4,284,406978,67e6d138d285ef17a1baf4b1,Store D,56,2025-02-19T00:00:00Z,iPhone,Micro Center,913
Iphone 14 Pro,284,406978,2.4,284,406978,67e6d138d285ef17a1baf4b1,Store D,56,2025-02-19T00:00:00Z,iPhone,Best Buy,1421
Iphone 14 Pro,284,406978,2.4,284,406978,67e6d138d285ef17a1baf4b1,Store D,56,2025-02-19T00:00:00Z,iPhone,Micro Center,817
Iphone 14 Pro,284,406978,2.4,284,406978,67e6d138d285ef17a1baf4b6,Store D,68,2025-03-20T00:00:00Z,iPhone,Newegg,1045
Iphone 14 Pro,284,406978,2.4,284,406978,67e6d138d285ef17a1baf4b6,Store D,68,2025-03-20T00:00:00Z,iPhone,Target,705
Iphone 14 Pro,284,406978,2.4,284,406978,67e6d138d285ef17a1baf4b6,Store D,68,2025-03-20T00:00:00Z,iPhone,Newegg,1335
Iphone 14 Pro,284,406978,2.4,284,406978,67e6d138d285ef17a1baf4b6,Store D,68,2025-03-20T00:00:00Z,iPhone,B&H,1268
Iphone 14 Pro,284,406978,2.4,284,406978,67e6d138d285ef17a1baf4b6,Store D,68,2025-03-20T00:00:00Z,iPhone,Micro Center,597
Iphone 14 Pro,284,406978,2.4,284,406978,67e6d138d285ef17a1baf4b6,Store D,68,2025-03-20T00:00:00Z,iPhone,Target,1356
Iphone 14 Pro,284,406978,2.4,284,406978,67e6d138d285ef17a1baf4b6,Store D,68,2025-03-20T00:00:00Z,iPhone,Newegg,1209
Iphone 14 Pro,284,406978,2.4,284,406978,67e6d138d285ef17a1baf4b6,Store D,68,2025-03-20T00:00:00Z,iPhone,Micro Center,913
Iphone 14 Pro,284,406978,2.4,284,406978,67e6d138d285ef17a1baf4b6,Store D,68,2025-03-20T00:00:00Z,iPhone,Best Buy,1421
Iphone 14 Pro,284,406978,2.4,284,406978,67e6d138d285ef17a1baf4b6,Store D,68,2025-03-20T00:00:00Z,iPhone,Micro Center,817
Iphone 14 Pro,284,406978,2.4,284,406978,67e6d138d285ef17a1baf4aa,Store B,54,2025-01-29T00:00:00Z,iPhone,Newegg,1045
Iphone 14 Pro,284,406978,2.4,284,406978,67e6d138d285ef17a1baf4aa,Store B,54,2025-01-29T00:00:00Z,iPhone,Target,705
Iphone 14 Pro,284,406978,2.4,284,406978,67e6d138d285ef17a1baf4aa,Store B,54,2025-01-29T00:00:00Z,iPhone,Newegg,1335
Iphone 14 Pro,284,406978,2.4,284,406978,67e6d138d285ef17a1baf4aa,Store B,54,2025-01-29T00:00:00Z,iPhone,B&H,1268
Iphone 14 Pro,284,406978,2.4,284,406978,67e6d138d285ef17a1baf4aa,Store B,54,2025-01-29T00:00:00Z,iPhone,Micro Center,597
Iphone 14 Pro,284,406978,2.4,284,406978,67e6d138d285ef17a1baf4aa,Store B,54,2025-01-29T00:00:00Z,iPhone,Target,1356
Iphone 14 Pro,284,406978,2.4,284,406978,67e6d138d285ef17a1baf4aa,Store B,54,2025-01-29T00:00:00Z,iPhone,Newegg,1209
Iphone 14 Pro,284,406978,2.4,284,406978,67e6d138d285ef17a1baf4aa,Store B,54,2025-01-29T00:00:00Z,iPhone,Micro Center,913
Iphone 14 Pro,284,406978,2.4,284,406978,67e6d138d285ef17a1baf4aa,Store B,54,2025-01-29T00:00:00Z,iPhone,Best Buy,1421
Iphone 14 Pro,284,406978,2.4,284,406978,67e6d138d285ef17a1baf4aa,Store B,54,2025-01-29T00:00:00Z,iPhone,Micro Center,817
Iphone 14 Pro,284,406978,2.4,284,406978,67e6d138d285ef17a1baf4d3,Store E,91,2025-03-22T00:00:00Z,iPhone,Newegg,1045
Iphone 14 Pro,284,406978,2.4,284,406978,67e6d138d285ef17a1baf4d3,Store E,91,2025-03-22T00:00:00Z,iPhone,Target,705
Iphone 14 Pro,284,406978,2.4,284,406978,67e6d138d285ef17a1baf4d3,Store E,91,2025-03-22T00:00:00Z,iPhone,Newegg,1335
Iphone 14 Pro,284,406978,2.4,284,406978,67e6d138d285ef17a1baf4d3,Store E,91,2025-03-22T00:00:00Z,iPhone,B&H,1268
Iphone 14 Pro,284,406978,2.4,284,406978,67e6d138d285ef17a1baf4d3,Store E,91,2025-03-22T00:00:00Z,iPhone,Micro Center,597
Iphone 14 Pro,284,406978,2.4,284,406978,67e6d138d285ef17a1baf4d3,Store E,91,2025-03-22T00:00:00Z,iPhone,Target,1356
Iphone 14 Pro,284,406978,2.4,284,406978,67e6d138d285ef17a1baf4d3,Store E,91,2025-03-22T00:00:00Z,iPhone,Newegg,1209
Iphone 14 Pro,284,406978,2.4,284,406978,67e6d138d285ef17a1baf4d3,Store E,91,2025-03-22T00:00:00Z,iPhone,Micro Center,913
Iphone 14 Pro,284,406978,2.4,284,406978,67e6d138d285ef17a1baf4d3,Store E,91,2025-03-22T00:00:00Z,iPhone,Best Buy,1421
Iphone 14 Pro,284,406978,2.4,284,406978,67e6d138d285ef17a1baf4d3,Store E,91,2025-03-22T00:00:00Z,iPhone,Micro Center,817
Oneplus 11,340,270936,2.9375,340,270936,67e6d138d285ef17a1baf4c3,Store E,1,2025-02-02T00:00:00Z,OnePlus,Newegg,1084
Oneplus 11,340,270936,2.9375,340,270936,67e6d138d285ef17a1baf4c3,Store E,1,2025-02-02T00:00:00Z,OnePlus,B&H,1299
Oneplus 11,340,270936,2.9375,340,270936,67e6d138d285ef17a1baf4c3,Store E,1,2025-02-02T00:00:00Z,OnePlus,Best Buy,837
Oneplus 11,340,270936,2.9375,340,270936,67e6d138d285ef17a1baf4c3,Store E,1,2025-02-02T00:00:00Z,OnePlus,Newegg,564
Oneplus 11,340,270936,2.9375,340,270936,67e6d138d285ef17a1baf4c3,Store E,1,2025-02-02T00:00:00Z,OnePlus,Newegg,974
Oneplus 11,340,270936,2.9375,340,270936,67e6d138d285ef17a1baf4c3,Store E,1,2025-02-02T00:00:00Z,OnePlus,Target,1034
Oneplus 11,340,270936,2.9375,340,270936,67e6d138d285ef17a1baf4c3,Store E,1,2025-02-02T00:00:00Z,OnePlus,Newegg,1358
Oneplus 11,340,270936,2.9375,340,270936,67e6d138d285ef17a1baf4c3,Store E,1,2025-02-02T00:00:00Z,OnePlus,Best Buy,1493
Oneplus 11,340,270936,2.9375,340,270936,67e6d138d285ef17a1baf4c3,Store E,1,2025-02-02T00:00:00Z,OnePlus,B&H,1040
Oneplus 11,340,270936,2.9375,340,270936,67e6d138d285ef17a1baf4c3,Store E,1,2025-02-02T00:00:00Z,OnePlus,Best Buy,1311
Oneplus 11,340,270936,2.9375,340,270936,67e6d138d285ef17a1baf4c9,Store C,72,2025-03-11T00:00:00Z,OnePlus,Newegg,1084
Oneplus 11,340,270936,2.9375,340,270936,67e6d138d285ef17a1baf4c9,Store C,72,2025-03-11T00:00:00Z,OnePlus,B&H,1299
Oneplus 11,340,270936,2.9375,340,270936,67e6d138d285ef17a1baf4c9,Store C,72,2025-03-11T00:00:00Z,OnePlus,Best Buy,837
Oneplus 11,340,270936,2.9375,340,270936,67e6d138d285ef17a1baf4c9,Store C,72,2025-03-11T00:00:00Z,OnePlus,Newegg,564
Oneplus 11,340,270936,2.9375,340,270936,67e6d138d285ef17a1baf4c9,Store C,72,2025-03-11T00:00:00Z,OnePlus,Newegg,974
Oneplus 11,340,270936,2.9375,340,270936,67e6d138d285ef17a1baf4c9,Store C,72,2025-03-11T00:00:00Z,OnePlus,Target,1034
Oneplus 11,340,270936,2.9375,340,270936,67e6d138d285ef17a1baf4c9,Store C,72,2025-03-11T00:00:00Z,OnePlus,Newegg,1358
Oneplus 11,340,270936,2.9375,340,270936,67e6d138d285ef17a1baf4c9,Store C,72,2025-03-11T00:00:00Z,OnePlus,Best Buy,1493
Oneplus 11,340,270936,2.9375,340,270936,67e6d138d285ef17a1baf4c9,Store C,72,2025-03-11T00:00:00Z,OnePlus,B&H,1040
Oneplus 11,340,270936,2.9375,340,270936,67e6d138d285ef17a1baf4c9,Store C,72,2025-03-11T00:00:00Z,OnePlus,Best Buy,1311
Oneplus 11,340,270936,2.9375,340,270936,67e6d138d285ef17a1baf4d9,Store E,42,2025-03-04T00:00:00Z,OnePlus,Newegg,1084
Oneplus 11,340,270936,2.9375,340,270936,67e6d138d285ef17a1baf4d9,Store E,42,2025-03-04T00:00:00Z,OnePlus,B&H,1299
Oneplus 11,340,270936,2.9375,340,270936,67e6d138d285ef17a1baf4d9,Store E,42,2025-03-04T00:00:00Z,OnePlus,Best Buy,837
Oneplus 11,340,270936,2.9375,340,270936,67e6d138d285ef17a1baf4d9,Store E,42,2025-03-04T00:00:00Z,OnePlus,Newegg,564
Oneplus 11,340,270936,2.9375,340,270936,67e6d138d285ef17a1baf4d9,Store E,42,2025-03-04T00:00:00Z,OnePlus,Newegg,974
Oneplus 11,340,270936,2.9375,340,270936,67e6d138d285ef17a1baf4d9,Store E,42,2025-03-04T00:00:00Z,OnePlus,Target,1034
Oneplus 11,340,270936,2.9375,340,270936,67e6d138d285ef17a1baf4d9,Store E,42,2025-03-04T00:00:00Z,OnePlus,Newegg,1358
Oneplus 11,340,270936,2.9375,340,270936,67e6d138d285ef17a1baf4d9,Store E,42,2025-03-04T00:00:00Z,OnePlus,Best Buy,1493
Oneplus 11,340,270936,2.9375,340,270936,67e6d138d285ef17a1baf4d9,Store E,42,2025-03-04T00:00:00Z,OnePlus,B&H,1040
Oneplus 11,340,270936,2.9375,340,270936,67e6d138d285ef17a1baf4d9,Store E,42,2025-03-04T00:00:00Z,OnePlus,Best Buy,1311
Oneplus 11,340,270936,2.9375,340,270936,67e6d138d285ef17a1baf4b7,Store C,47,2025-02-12T00:00:00Z,OnePlus,Newegg,1084
Oneplus 11,340,270936,2.9375,340,270936,67e6d138d285ef17a1baf4b7,Store C,47,2025-02-12T00:00:00Z,OnePlus,B&H,1299
Oneplus 11,340,270936,2.9375,340,270936,67e6d138d285ef17a1baf4b7,Store C,47,2025-02-12T00:00:00Z,OnePlus,Best Buy,837
Oneplus 11,340,270936,2.9375,340,270936,67e6d138d285ef17a1baf4b7,Store C,47,2025-02-12T00:00:00Z,OnePlus,Newegg,564
Oneplus 11,340,270936,2.9375,340,270936,67e6d138d285ef17a1baf4b7,Store C,47,2025-02-12T00:00:00Z,OnePlus,Newegg,974
Oneplus 11,340,270936,2.9375,340,270936,67e6d138d285ef17a1baf4b7,Store C,47,2025-02-12T00:00:00Z,OnePlus,Target,1034
Oneplus 11,340,270936,2.9375,340,270936,67e6d138d285ef17a1baf4b7,Store C,47,2025-02-12T00:00:00Z,OnePlus,Newegg,1358
Oneplus 11,340,270936,2.9375,340,270936,67e6d138d285ef17a1baf4b7,Store C,47,2025-02-12T00:00:00Z,OnePlus,Best Buy,1493
Oneplus 11,340,270936,2.9375,340,270936,67e6d138d285ef17a1baf4b7,Store C,47,2025-02-12T00:00:00Z,OnePlus,B&H,1040
Oneplus 11,340,270936,2.9375,340,270936,67e6d138d285ef17a1baf4b7,Store C,47,2025-02-12T00:00:00Z,OnePlus,Best Buy,1311
Oneplus 11,340,270936,2.9375,340,270936,67e6d138d285ef17a1baf4cb,Store B,13,2025-03-02T00:00:00Z,OnePlus,Newegg,1084
Oneplus 11,340,270936,2.9375,340,270936,67e6d138d285ef17a1baf4cb,Store B,13,2025-03-02T00:00:00Z,OnePlus,B&H,1299
Oneplus 11,340,270936,2.9375,340,270936,67e6d138d285ef17a1baf4cb,Store B,13,2025-03-02T00:00:00Z,OnePlus,Best Buy,837
Oneplus 11,340,270936,2.9375,340,270936,67e6d138d285ef17a1baf4cb,Store B,13,2025-03-02T00:00:00Z,OnePlus,Newegg,564
Oneplus 11,340,270936,2.9375,340,270936,67e6d138d285ef17a1baf4cb,Store B,13,2025-03-02T00:00:00Z,OnePlus,Newegg,974
Oneplus 11,340,270936,2.9375,340,270936,67e6d138d285ef17a1baf4cb,Store B,13,2025-03-02T00:00:00Z,OnePlus,Target,1034
Oneplus 11,340,270936,2.9375,340,270936,67e6d138d285ef17a1baf4cb,Store B,13,2025-03-02T00:00:00Z,OnePlus,Newegg,1358
Oneplus 11,340,270936,2.9375,340,270936,67e6d138d285ef17a1baf4cb,Store B,13,2025-03-02T00:00:00Z,OnePlus,Best Buy,1493
Oneplus 11,340,270936,2.9375,340,270936,67e6d138d285ef17a1baf4cb,Store B,13,2025-03-02T00:00:00Z,OnePlus,B&H,1040
Oneplus 11,340,270936,2.9375,340,270936,67e6d138d285ef17a1baf4cb,Store B,13,2025-03-02T00:00:00Z,OnePlus,Best Buy,1311
Oneplus 11,340,270936,2.9375,340,270936,67e6d138d285ef17a1baf4ce,Store C,28,2025-03-17T00:00:00Z,OnePlus,Newegg,1084
Oneplus 11,340,270936,2.9375,340,270936,67e6d138d285ef17a1baf4ce,Store C,28,2025-03-17T00:00:00Z,OnePlus,B&H,1299
Oneplus 11,340,270936,2.9375,340,270936,67e6d138d285ef17a1baf4ce,Store C,28,2025-03-17T00:00:00Z,OnePlus,Best Buy,837
Oneplus 11,340,270936,2.9375,340,270936,67e6d138d285ef17a1baf4ce,Store C,28,2025-03-17T00:00:00Z,OnePlus,Newegg,564
Oneplus 11,340,270936,2.9375,340,270936,67e6d138d285ef17a1baf4ce,Store C,28,2025-03-17T00:00:00Z,OnePlus,Newegg,974
Oneplus 11,340,270936,2.9375,340,270936,67e6d138d285ef17a1baf4ce,Store C,28,2025-03-17T00:00:00Z,OnePlus,Target,1034
Oneplus 11,340,270936,2.9375,340,270936,67e6d138d285ef17a1baf4ce,Store C,28,2025-03-17T00:00:00Z,OnePlus,Newegg,1358
Oneplus 11,340,270936,2.9375,340,270936,67e6d138d285ef17a1baf4ce,Store C,28,2025-03-17T00:00:00Z,OnePlus,Best Buy,1493
Oneplus 11,340,270936,2.9375,340,270936,67e6d138d285ef17a1baf4ce,Store C,28,2025-03-17T00:00:00Z,OnePlus,B&H,1040
Oneplus 11,340,270936,2.9375,340,270936,67e6d138d285ef17a1baf4ce,Store C,28,2025-03-17T00:00:00Z,OnePlus,Best Buy,1311
Oneplus 11,340,270936,2.9375,340,270936,67e6d138d285ef17a1baf4cf,Store A,46,2025-03-15T00:00:00Z,OnePlus,Newegg,1084
Oneplus 11,340,270936,2.9375,340,270936,67e6d138d285ef17a1baf4cf,Store A,46,2025-03-15T00:00:00Z,OnePlus,B&H,1299
Oneplus 11,340,270936,2.9375,340,270936,67e6d138d285ef17a1baf4cf,Store A,46,2025-03-15T00:00:00Z,OnePlus,Best Buy,837
Oneplus 11,340,270936,2.9375,340,270936,67e6d138d285ef17a1baf4cf,Store A,46,2025-03-15T00:00:00Z,OnePlus,Newegg,564
Oneplus 11,340,270936,2.9375,340,270936,67e6d138d285ef17a1baf4cf,Store A,46,2025-03-15T00:00:00Z,OnePlus,Newegg,974
Oneplus 11,340,270936,2.9375,340,270936,67e6d138d285ef17a1baf4cf,Store A,46,2025-03-15T00:00:00Z,OnePlus,Target,1034
Oneplus 11,340,270936,2.9375,340,270936,67e6d138d285ef17a1baf4cf,Store A,46,2025-03-15T00:00:00Z,OnePlus,Newegg,1358
Oneplus 11,340,270936,2.9375,340,270936,67e6d138d285ef17a1baf4cf,Store A,46,2025-03-15T00:00:00Z,OnePlus,Best Buy,1493
Oneplus 11,340,270936,2.9375,340,270936,67e6d138d285ef17a1baf4cf,Store A,46,2025-03-15T00:00:00Z,OnePlus,B&H,1040
Oneplus 11,340,270936,2.9375,340,270936,67e6d138d285ef17a1baf4cf,Store A,46,2025-03-15T00:00:00Z,OnePlus,Best Buy,1311
Oneplus 11,340,270936,2.9375,340,270936,67e6d138d285ef17a1baf4b3,Store A,9,2025-03-21T00:00:00Z,OnePlus,Newegg,1084
Oneplus 11,340,270936,2.9375,340,270936,67e6d138d285ef17a1baf4b3,Store A,9,2025-03-21T00:00:00Z,OnePlus,B&H,1299
Oneplus 11,340,270936,2.9375,340,270936,67e6d138d285ef17a1baf4b3,Store A,9,2025-03-21T00:00:00Z,OnePlus,Best Buy,837
Oneplus 11,340,270936,2.9375,340,270936,67e6d138d285ef17a1baf4b3,Store A,9,2025-03-21T00:00:00Z,OnePlus,Newegg,564
Oneplus 11,340,270936,2.9375,340,270936,67e6d138d285ef17a1baf4b3,Store A,9,2025-03-21T00:00:00Z,OnePlus,Newegg,974
Oneplus 11,340,270936,2.9375,340,270936,67e6d138d285ef17a1baf4b3,Store A,9,2025-03-21T00:00:00Z,OnePlus,Target,1034
Oneplus 11,340,270936,2.9375,340,270936,67e6d138d285ef17a1baf4b3,Store A,9,2025-03-21T00:00:00Z,OnePlus,Newegg,1358
Oneplus 11,340,270936,2.9375,340,270936,67e6d138d285ef17a1baf4b3,Store A,9,2025-03-21T00:00:00Z,OnePlus,Best Buy,1493
Oneplus 11,340,270936,2.9375,340,270936,67e6d138d285ef17a1baf4b3,Store A,9,2025-03-21T00:00:00Z,OnePlus,B&H,1040
Oneplus 11,340,270936,2.9375,340,270936,67e6d138d285ef17a1baf4b3,Store A,9,2025-03-21T00:00:00Z,OnePlus,Best Buy,1311
Oneplus 11,340,270936,2.9375,340,270936,67e6d138d285ef17a1baf4c0,Store B,80,2025-02-25T00:00:00Z,OnePlus,Newegg,1084
Oneplus 11,340,270936,2.9375,340,270936,67e6d138d285ef17a1baf4c0,Store B,80,2025-02-25T00:00:00Z,OnePlus,B&H,1299
Oneplus 11,340,270936,2.9375,340,270936,67e6d138d285ef17a1baf4c0,Store B,80,2025-02-25T00:00:00Z,OnePlus,Best Buy,837
Oneplus 11,340,270936,2.9375,340,270936,67e6d138d285ef17a1baf4c0,Store B,80,2025-02-25T00:00:00Z,OnePlus,Newegg,564
Oneplus 11,340,270936,2.9375,340,270936,67e6d138d285ef17a1baf4c0,Store B,80,2025-02-25T00:00:00Z,OnePlus,Newegg,974
Oneplus 11,340,270936,2.9375,340,270936,67e6d138d285ef17a1baf4c0,Store B,80,2025-02-25T00:00:00Z,OnePlus,Target,1034
Oneplus 11,340,270936,2.9375,340,270936,67e6d138d285ef17a1baf4c0,Store B,80,2025-02-25T00:00:00Z,OnePlus,Newegg,1358
Oneplus 11,340,270936,2.9375,340,270936,67e6d138d285ef17a1baf4c0,Store B,80,2025-02-25T00:00:00Z,OnePlus,Best Buy,1493
Oneplus 11,340,270936,2.9375,340,270936,67e6d138d285ef17a1baf4c0,Store B,80,2025-02-25T00:00:00Z,OnePlus,B&H,1040
Oneplus 11,340,270936,2.9375,340,270936,67e6d138d285ef17a1baf4c0,Store B,80,2025-02-25T00:00:00Z,OnePlus,Best Buy,1311
Oneplus 11,340,270936,2.9375,340,270936,67e6d138d285ef17a1baf4c1,Store D,49,2025-02-18T00:00:00Z,OnePlus,Newegg,1084
Oneplus 11,340,270936,2.9375,340,270936,67e6d138d285ef17a1baf4c1,Store D,49,2025-02-18T00:00:00Z,OnePlus,B&H,1299
Oneplus 11,340,270936,2.9375,340,270936,67e6d138d285ef17a1baf4c1,Store D,49,2025-02-18T00:00:00Z,OnePlus,Best Buy,837
Oneplus 11,340,270936,2.9375,340,270936,67e6d138d285ef17a1baf4c1,Store D,49,2025-02-18T00:00:00Z,OnePlus,Newegg,564
Oneplus 11,340,270936,2.9375,340,270936,67e6d138d285ef17a1baf4c1,Store D,49,2025-02-18T00:00:00Z,OnePlus,Newegg,974
Oneplus 11,340,270936,2.9375,340,270936,67e6d138d285ef17a1baf4c1,Store D,49,2025-02-18T00:00:00Z,OnePlus,Target,1034
Oneplus 11,340,270936,2.9375,340,270936,67e6d138d285ef17a1baf4c1,Store D,49,2025-02-18T00:00:00Z,OnePlus,Newegg,1358
Oneplus 11,340,270936,2.9375,340,270936,67e6d138d285ef17a1baf4c1,Store D,49,2025-02-18T00:00:00Z,OnePlus,Best Buy,1493
Oneplus 11,340,270936,2.9375,340,270936,67e6d138d285ef17a1baf4c1,Store D,49,2025-02-18T00:00:00Z,OnePlus,B&H,1040
Oneplus 11,340,270936,2.9375,340,270936,67e6d138d285ef17a1baf4c1,Store D,49,2025-02-18T00:00:00Z,OnePlus,Best Buy,1311
Oneplus 11,340,270936,2.9375,340,270936,67e6d138d285ef17a1baf4d2,Store C,62,2025-01-30T00:00:00Z,OnePlus,Newegg,1084
Oneplus 11,340,270936,2.9375,340,270936,67e6d138d285ef17a1baf4d2,Store C,62,2025-01-30T00:00:00Z,OnePlus,B&H,1299
Oneplus 11,340,270936,2.9375,340,270936,67e6d138d285ef17a1baf4d2,Store C,62,2025-01-30T00:00:00Z,OnePlus,Best Buy,837
Oneplus 11,340,270936,2.9375,340,270936,67e6d138d285ef17a1baf4d2,Store C,62,2025-01-30T00:00:00Z,OnePlus,Newegg,564
Oneplus 11,340,270936,2.9375,340,270936,67e6d138d285ef17a1baf4d2,Store C,62,2025-01-30T00:00:00Z,OnePlus,Newegg,974
Oneplus 11,340,270936,2.9375,340,270936,67e6d138d285ef17a1baf4d2,Store C,62,2025-01-30T00:00:00Z,OnePlus,Target,1034
Oneplus 11,340,270936,2.9375,340,270936,67e6d138d285ef17a1baf4d2,Store C,62,2025-01-30T00:00:00Z,OnePlus,Newegg,1358
Oneplus 11,340,270936,2.9375,340,270936,67e6d138d285ef17a1baf4d2,Store C,62,2025-01-30T00:00:00Z,OnePlus,Best Buy,1493
Oneplus 11,340,270936,2.9375,340,270936,67e6d138d285ef17a1baf4d2,Store C,62,2025-01-30T00:00:00Z,OnePlus,B&H,1040
Oneplus 11,340,270936,2.9375,340,270936,67e6d138d285ef17a1baf4d2,Store C,62,2025-01-30T00:00:00Z,OnePlus,Best Buy,1311
Samsung S23,246,272655,3.2,246,272655,67e6d138d285ef17a1baf4b8,Store A,93,2025-01-31T00:00:00Z,Samsung,B&H,1003
Samsung S23,246,272655,3.2,246,272655,67e6d138d285ef17a1baf4b8,Store A,93,2025-01-31T00:00:00Z,Samsung,Newegg,1126
Samsung S23,246,272655,3.2,246,272655,67e6d138d285ef17a1baf4b8,Store A,93,2025-01-31T00:00:00Z,Samsung,Newegg,655
Samsung S23,246,272655,3.2,246,272655,67e6d138d285ef17a1baf4b8,Store A,93,2025-01-31T00:00:00Z,Samsung,Micro Center,903
Samsung S23,246,272655,3.2,246,272655,67e6d138d285ef17a1baf4b8,Store A,93,2025-01-31T00:00:00Z,Samsung,Newegg,535
Samsung S23,246,272655,3.2,246,272655,67e6d138d285ef17a1baf4b8,Store A,93,2025-01-31T00:00:00Z,Samsung,Newegg,1311
Samsung S23,246,272655,3.2,246,272655,67e6d138d285ef17a1baf4b8,Store A,93,2025-01-31T00:00:00Z,Samsung,Target,882
Samsung S23,246,272655,3.2,246,272655,67e6d138d285ef17a1baf4b8,Store A,93,2025-01-31T00:00:00Z,Samsung,Micro Center,1192
Samsung S23,246,272655,3.2,246,272655,67e6d138d285ef17a1baf4b8,Store A,93,2025-01-31T00:00:00Z,Samsung,Micro Center,1011
Samsung S23,246,272655,3.2,246,272655,67e6d138d285ef17a1baf4b8,Store A,93,2025-01-31T00:00:00Z,Samsung,Micro Center,898
Samsung S23,246,272655,3.2,246,272655,67e6d138d285ef17a1baf4be,Store A,11,2025-02-12T00:00:00Z,Samsung,B&H,1003
Samsung S23,246,272655,3.2,246,272655,67e6d138d285ef17a1baf4be,Store A,11,2025-02-12T00:00:00Z,Samsung,Newegg,1126
Samsung S23,246,272655,3.2,246,272655,67e6d138d285ef17a1baf4be,Store A,11,2025-02-12T00:00:00Z,Samsung,Newegg,655
Samsung S23,246,272655,3.2,246,272655,67e6d138d285ef17a1baf4be,Store A,11,2025-02-12T00:00:00Z,Samsung,Micro Center,903
Samsung S23,246,272655,3.2,246,272655,67e6d138d285ef17a1baf4be,Store A,11,2025-02-12T00:00:00Z,Samsung,Newegg,535
Samsung S23,246,272655,3.2,246,272655,67e6d138d285ef17a1baf4be,Store A,11,2025-02-12T00:00:00Z,Samsung,Newegg,1311
Samsung S23,246,272655,3.2,246,272655,67e6d138d285ef17a1baf4be,Store A,11,2025-02-12T00:00:00Z,Samsung,Target,882
Samsung S23,246,272655,3.2,246,272655,67e6d138d285ef17a1baf4be,Store A,11,2025-02-12T00:00:00Z,Samsung,Micro Center,1192
Samsung S23,246,272655,3.2,246,272655,67e6d138d285ef17a1baf4be,Store A,11,2025-02-12T00:00:00Z,Samsung,Micro Center,1011
Samsung S23,246,272655,3.2,246,272655,67e6d138d285ef17a1baf4be,Store A,11,2025-02-12T00:00:00Z,Samsung,Micro Center,898
Samsung S23,246,272655,3.2,246,272655,67e6d138d285ef17a1baf4c4,Store C,40,2025-02-05T00:00:00Z,Samsung,B&H,1003
Samsung S23,246,272655,3.2,246,272655,67e6d138d285ef17a1baf4c4,Store C,40,2025-02-05T00:00:00Z,Samsung,Newegg,1126
Samsung S23,246,272655,3.2,246,272655,67e6d138d285ef17a1baf4c4,Store C,40,2025-02-05T00:00:00Z,Samsung,Newegg,655
Samsung S23,246,272655,3.2,246,272655,67e6d138d285ef17a1baf4c4,Store C,40,2025-02-05T00:00:00Z,Samsung,Micro Center,903
Samsung S23,246,272655,3.2,246,272655,67e6d138d285ef17a1baf4c4,Store C,40,2025-02-05T00:00:00Z,Samsung,Newegg,535
Samsung S23,246,272655,3.2,246,272655,67e6d138d285ef17a1baf4c4,Store C,40,2025-02-05T00:00:00Z,Samsung,Newegg,1311
Samsung S23,246,272655,3.2,246,272655,67e6d138d285ef17a1baf4c4,Store C,40,2025-02-05T00:00:00Z,Samsung,Target,882
Samsung S23,246,272655,3.2,246,272655,67e6d138d285ef17a1baf4c4,Store C,40,2025-02-05T00:00:00Z,Samsung,Micro Center,1192
Samsung S23,246,272655,3.2,246,272655,67e6d138d285ef17a1baf4c4,Store C,40,2025-02-05T00:00:00Z,Samsung,Micro Center,1011
Samsung S23,246,272655,3.2,246,272655,67e6d138d285ef17a1baf4c4,Store C,40,2025-02-05T00:00:00Z,Samsung,Micro Center,898
Samsung S23,246,272655,3.2,246,272655,67e6d138d285ef17a1baf4ad,Store B,67,2025-03-13T00:00:00Z,Samsung,B&H,1003
Samsung S23,246,272655,3.2,246,272655,67e6d138d285ef17a1baf4ad,Store B,67,2025-03-13T00:00:00Z,Samsung,Newegg,1126
Samsung S23,246,272655,3.2,246,272655,67e6d138d285ef17a1baf4ad,Store B,67,2025-03-13T00:00:00Z,Samsung,Newegg,655
Samsung S23,246,272655,3.2,246,272655,67e6d138d285ef17a1baf4ad,Store B,67,2025-03-13T00:00:00Z,Samsung,Micro Center,903
Samsung S23,246,272655,3.2,246,272655,67e6d138d285ef17a1baf4ad,Store B,67,2025-03-13T00:00:00Z,Samsung,Newegg,535
Samsung S23,246,272655,3.2,246,272655,67e6d138d285ef17a1baf4ad,Store B,67,2025-03-13T00:00:00Z,Samsung,Newegg,1311
Samsung S23,246,272655,3.2,246,272655,67e6d138d285ef17a1baf4ad,Store B,67,2025-03-13T00:00:00Z,Samsung,Target,882
Samsung S23,246,272655,3.2,246,272655,67e6d138d285ef17a1baf4ad,Store B,67,2025-03-13T00:00:00Z,Samsung,Micro Center,1192
Samsung S23,246,272655,3.2,246,272655,67e6d138d285ef17a1baf4ad,Store B,67,2025-03-13T00:00:00Z,Samsung,Micro Center,1011
Samsung S23,246,272655,3.2,246,272655,67e6d138d285ef17a1baf4ad,Store B,67,2025-03-13T00:00:00Z,Samsung,Micro Center,898
Samsung S23,246,272655,3.2,246,272655,67e6d138d285ef17a1baf4af,Store C,62,2025-02-20T00:00:00Z,Samsung,B&H,1003
Samsung S23,246,272655,3.2,246,272655,67e6d138d285ef17a1baf4af,Store C,62,2025-02-20T00:00:00Z,Samsung,Newegg,1126
Samsung S23,246,272655,3.2,246,272655,67e6d138d285ef17a1baf4af,Store C,62,2025-02-20T00:00:00Z,Samsung,Newegg,655
Samsung S23,246,272655,3.2,246,272655,67e6d138d285ef17a1baf4af,Store C,62,2025-02-20T00:00:00Z,Samsung,Micro Center,903
Samsung S23,246,272655,3.2,246,272655,67e6d138d285ef17a1baf4af,Store C,62,2025-02-20T00:00:00Z,Samsung,Newegg,535
Samsung S23,246,272655,3.2,246,272655,67e6d138d285ef17a1baf4af,Store C,62,2025-02-20T00:00:00Z,Samsung,Newegg,1311
Samsung S23,246,272655,3.2,246,272655,67e6d138d285ef17a1baf4af,Store C,62,2025-02-20T00:00:00Z,Samsung,Target,882
Samsung S23,246,272655,3.2,246,272655,67e6d138d285ef17a1baf4af,Store C,62,2025-02-20T00:00:00Z,Samsung,Micro Center,1192
Samsung S23,246,272655,3.2,246,272655,67e6d138d285ef17a1baf4af,Store C,62,2025-02-20T00:00:00Z,Samsung,Micro Center,1011
Samsung S23,246,272655,3.2,246,272655,67e6d138d285ef17a1baf4af,Store C,62,2025-02-20T00:00:00Z,Samsung,Micro Center,898
Samsung S23,246,272655,3.2,246,272655,67e6d138d285ef17a1baf4bb,Store C,2,2025-02-08T00:00:00Z,Samsung,B&H,1003
Samsung S23,246,272655,3.2,246,272655,67e6d138d285ef17a1baf4bb,Store C,2,2025-02-08T00:00:00Z,Samsung,Newegg,1126
Samsung S23,246,272655,3.2,246,272655,67e6d138d285ef17a1baf4bb,Store C,2,2025-02-08T00:00:00Z,Samsung,Newegg,655
Samsung S23,246,272655,3.2,246,272655,67e6d138d285ef17a1baf4bb,Store C,2,2025-02-08T00:00:00Z,Samsung,Micro Center,903
Samsung S23,246,272655,3.2,246,272655,67e6d138d285ef17a1baf4bb,Store C,2,2025-02-08T00:00:00Z,Samsung,Newegg,535
Samsung S23,246,272655,3.2,246,272655,67e6d138d285ef17a1baf4bb,Store C,2,2025-02-08T00:00:00Z,Samsung,Newegg,1311
Samsung S23,246,272655,3.2,246,272655,67e6d138d285ef17a1baf4bb,Store C,2,2025-02-08T00:00:00Z,Samsung,Target,882
Samsung S23,246,272655,3.2,246,272655,67e6d138d285ef17a1baf4bb,Store C,2,2025-02-08T00:00:00Z,Samsung,Micro Center,1192
Samsung S23,246,272655,3.2,246,272655,67e6d138d285ef17a1baf4bb,Store C,2,2025-02-08T00:00:00Z,Samsung,Micro Center,1011
Samsung S23,246,272655,3.2,246,272655,67e6d138d285ef17a1baf4bb,Store C,2,2025-02-08T00:00:00Z,Samsung,Micro Center,898
Xiaomi 12,186,263016,3.0,186,263016,67e6d138d285ef17a1baf4a8,Store C,7,2025-03-21T00:00:00Z,Xiaomi,Target,1402
Xiaomi 12,186,263016,3.0,186,263016,67e6d138d285ef17a1baf4a8,Store C,7,2025-03-21T00:00:00Z,Xiaomi,Newegg,905
Xiaomi 12,186,263016,3.0,186,263016,67e6d138d285ef17a1baf4a8,Store C,7,2025-03-21T00:00:00Z,Xiaomi,Micro Center,505
Xiaomi 12,186,263016,3.0,186,263016,67e6d138d285ef17a1baf4a8,Store C,7,2025-03-21T00:00:00Z,Xiaomi,Newegg,532
Xiaomi 12,186,263016,3.0,186,263016,67e6d138d285ef17a1baf4a8,Store C,7,2025-03-21T00:00:00Z,Xiaomi,Micro Center,1119
Xiaomi 12,186,263016,3.0,186,263016,67e6d138d285ef17a1baf4a8,Store C,7,2025-03-21T00:00:00Z,Xiaomi,B&H,1112
Xiaomi 12,186,263016,3.0,186,263016,67e6d138d285ef17a1baf4a8,Store C,7,2025-03-21T00:00:00Z,Xiaomi,Newegg,1016
Xiaomi 12,186,263016,3.0,186,263016,67e6d138d285ef17a1baf4a8,Store C,7,2025-03-21T00:00:00Z,Xiaomi,Micro Center,1452
Xiaomi 12,186,263016,3.0,186,263016,67e6d138d285ef17a1baf4a8,Store C,7,2025-03-21T00:00:00Z,Xiaomi,B&H,1080
Xiaomi 12,186,263016,3.0,186,263016,67e6d138d285ef17a1baf4a8,Store C,7,2025-03-21T00:00:00Z,Xiaomi,B&H,717
Xiaomi 12,186,263016,3.0,186,263016,67e6d138d285ef17a1baf4d5,Store A,69,2025-03-21T00:00:00Z,Xiaomi,Target,1402
Xiaomi 12,186,263016,3.0,186,263016,67e6d138d285ef17a1baf4d5,Store A,69,2025-03-21T00:00:00Z,Xiaomi,Newegg,905
Xiaomi 12,186,263016,3.0,186,263016,67e6d138d285ef17a1baf4d5,Store A,69,2025-03-21T00:00:00Z,Xiaomi,Micro Center,505
Xiaomi 12,186,263016,3.0,186,263016,67e6d138d285ef17a1baf4d5,Store A,69,2025-03-21T00:00:00Z,Xiaomi,Newegg,532
Xiaomi 12,186,263016,3.0,186,263016,67e6d138d285ef17a1baf4d5,Store A,69,2025-03-21T00:00:00Z,Xiaomi,Micro Center,1119
Xiaomi 12,186,263016,3.0,186,263016,67e6d138d285ef17a1baf4d5,Store A,69,2025-03-21T00:00:00Z,Xiaomi,B&H,1112
Xiaomi 12,186,263016,3.0,186,263016,67e6d138d285ef17a1baf4d5,Store A,69,2025-03-21T00:00:00Z,Xiaomi,Newegg,1016
Xiaomi 12,186,263016,3.0,186,263016,67e6d138d285ef17a1baf4d5,Store A,69,2025-03-21T00:00:00Z,Xiaomi,Micro Center,1452
Xiaomi 12,186,263016,3.0,186,263016,67e6d138d285ef17a1baf4d5,Store A,69,2025-03-21T00:00:00Z,Xiaomi,B&H,1080
Xiaomi 12,186,263016,3.0,186,263016,67e6d138d285ef17a1baf4d5,Store A,69,2025-03-21T00:00:00Z,Xiaomi,B&H,717
Xiaomi 12,186,263016,3.0,186,263016,67e6d138d285ef17a1baf4d7,Store B,2,2025-03-02T00:00:00Z,Xiaomi,Target,1402
Xiaomi 12,186,263016,3.0,186,263016,67e6d138d285ef17a1baf4d7,Store B,2,2025-03-02T00:00:00Z,Xiaomi,Newegg,905
Xiaomi 12,186,263016,3.0,186,263016,67e6d138d285ef17a1baf4d7,Store B,2,2025-03-02T00:00:00Z,Xiaomi,Micro Center,505
Xiaomi 12,186,263016,3.0,186,263016,67e6d138d285ef17a1baf4d7,Store B,2,2025-03-02T00:00:00Z,Xiaomi,Newegg,532
Xiaomi 12,186,263016,3.0,186,263016,67e6d138d285ef17a1baf4d7,Store B,2,2025-03-02T00:00:00Z,Xiaomi,Micro Center,1119
Xiaomi 12,186,263016,3.0,186,263016,67e6d138d285ef17a1baf4d7,Store B,2,2025-03-02T00:00:00Z,Xiaomi,B&H,1112
Xiaomi 12,186,263016,3.0,186,263016,67e6d138d285ef17a1baf4d7,Store B,2,2025-03-02T00:00:00Z,Xiaomi,Newegg,1016
Xiaomi 12,186,263016,3.0,186,263016,67e6d138d285ef17a1baf4d7,Store B,2,2025-03-02T00:00:00Z,Xiaomi,Micro Center,1452
Xiaomi 12,186,263016,3.0,186,263016,67e6d138d285ef17a1baf4d7,Store B,2,2025-03-02T00:00:00Z,Xiaomi,B&H,1080
Xiaomi 12,186,263016,3.0,186,263016,67e6d138d285ef17a1baf4d7,Store B,2,2025-03-02T00:00:00Z,Xiaomi,B&H,717
Xiaomi 12,186,263016,3.0,186,263016,67e6d138d285ef17a1baf4b5,Store D,92,2025-03-16T00:00:00Z,Xiaomi,Target,1402
Xiaomi 12,186,263016,3.0,186,263016,67e6d138d285ef17a1baf4b5,Store D,92,2025-03-16T00:00:00Z,Xiaomi,Newegg,905
Xiaomi 12,186,263016,3.0,186,263016,67e6d138d285ef17a1baf4b5,Store D,92,2025-03-16T00:00:00Z,Xiaomi,Micro Center,505
Xiaomi 12,186,263016,3.0,186,263016,67e6d138d285ef17a1baf4b5,Store D,92,2025-03-16T00:00:00Z,Xiaomi,Newegg,532
Xiaomi 12,186,263016,3.0,186,263016,67e6d138d285ef17a1baf4b5,Store D,92,2025-03-16T00:00:00Z,Xiaomi,Micro Center,1119
Xiaomi 12,186,263016,3.0,186,263016,67e6d138d285ef17a1baf4b5,Store D,92,2025-03-16T00:00:00Z,Xiaomi,B&H,1112
Xiaomi 12,186,263016,3.0,186,263016,67e6d138d285ef17a1baf4b5,Store D,92,2025-03-16T00:00:00Z,Xiaomi,Newegg,1016
Xiaomi 12,186,263016,3.0,186,263016,67e6d138d285ef17a1baf4b5,Store D,92,2025-03-16T00:00:00Z,Xiaomi,Micro Center,1452
Xiaomi 12,186,263016,3.0,186,263016,67e6d138d285ef17a1baf4b5,Store D,92,2025-03-16T00:00:00Z,Xiaomi,B&H,1080
Xiaomi 12,186,263016,3.0,186,263016,67e6d138d285ef17a1baf4b5,Store D,92,2025-03-16T00:00:00Z,Xiaomi,B&H,717
Xiaomi 12,186,263016,3.0,186,263016,67e6d138d285ef17a1baf4d4,Store D,39,2025-02-23T00:00:00Z,Xiaomi,Target,1402
Xiaomi 12,186,263016,3.0,186,263016,67e6d138d285ef17a1baf4d4,Store D,39,2025-02-23T00:00:00Z,Xiaomi,Newegg,905
Xiaomi 12,186,263016,3.0,186,263016,67e6d138d285ef17a1baf4d4,Store D,39,2025-02-23T00:00:00Z,Xiaomi,Micro Center,505
Xiaomi 12,186,263016,3.0,186,263016,67e6d138d285ef17a1baf4d4,Store D,39,2025-02-23T00:00:00Z,Xiaomi,Newegg,532
Xiaomi 12,186,263016,3.0,186,263016,67e6d138d285ef17a1baf4d4,Store D,39,2025-02-23T00:00:00Z,Xiaomi,Micro Center,1119
Xiaomi 12,186,263016,3.0,186,263016,67e6d138d285ef17a1baf4d4,Store D,39,2025-02-23T00:00:00Z,Xiaomi,B&H,1112
Xiaomi 12,186,263016,3.0,186,263016,67e6d138d285ef17a1baf4d4,Store D,39,2025-02-23T00:00:00Z,Xiaomi,Newegg,1016
Xiaomi 12,186,263016,3.0,186,263016,67e6d138d285ef17a1baf4d4,Store D,39,2025-02-23T00:00:00Z,Xiaomi,Micro Center,1452
Xiaomi 12,186,263016,3.0,186,263016,67e6d138d285ef17a1baf4d4,Store D,39,2025-02-23T00:00:00Z,Xiaomi,B&H,1080
Xiaomi 12,186,263016,3.0,186,263016,67e6d138d285ef17a1baf4d4,Store D,39,2025-02-23T00:00:00Z,Xiaomi,B&H,717
Xiaomi 12,186,263016,3.0,186,263016,67e6d138d285ef17a1baf4bc,Store D,95,2025-02-16T00:00:00Z,Xiaomi,Target,1402
Xiaomi 12,186,263016,3.0,186,263016,67e6d138d285ef17a1baf4bc,Store D,95,2025-02-16T00:00:00Z,Xiaomi,Newegg,905
Xiaomi 12,186,263016,3.0,186,263016,67e6d138d285ef17a1baf4bc,Store D,95,2025-02-16T00:00:00Z,Xiaomi,Micro Center,505
Xiaomi 12,186,263016,3.0,186,263016,67e6d138d285ef17a1baf4bc,Store D,95,2025-02-16T00:00:00Z,Xiaomi,Newegg,532
Xiaomi 12,186,263016,3.0,186,263016,67e6d138d285ef17a1baf4bc,Store D,95,2025-02-16T00:00:00Z,Xiaomi,Micro Center,1119
Xiaomi 12,186,263016,3.0,186,263016,67e6d138d285ef17a1baf4bc,Store D,95,2025-02-16T00:00:00Z,Xiaomi,B&H,1112
Xiaomi 12,186,263016,3.0,186,263016,67e6d138d285ef17a1baf4bc,Store D,95,2025-02-16T00:00:00Z,Xiaomi,Newegg,1016
Xiaomi 12,186,263016,3.0,186,263016,67e6d138d285ef17a1baf4bc,Store D,95,2025-02-16T00:00:00Z,Xiaomi,Micro Center,1452
Xiaomi 12,186,263016,3.0,186,263016,67e6d138d285ef17a1baf4bc,Store D,95,2025-02-16T00:00:00Z,Xiaomi,B&H,1080
Xiaomi 12,186,263016,3.0,186,263016,67e6d138d285ef17a1baf4bc,Store D,95,2025-02-16T00:00:00Z,Xiaomi,B&H,717
Xiaomi 12,186,263016,3.0,186,263016,67e6d138d285ef17a1baf4c7,Store D,36,2025-03-19T00:00:00Z,Xiaomi,Target,1402
Xiaomi 12,186,263016,3.0,186,263016,67e6d138d285ef17a1baf4c7,Store D,36,2025-03-19T00:00:00Z,Xiaomi,Newegg,905
Xiaomi 12,186,263016,3.0,186,263016,67e6d138d285ef17a1baf4c7,Store D,36,2025-03-19T00:00:00Z,Xiaomi,Micro Center,505
Xiaomi 12,186,263016,3.0,186,263016,67e6d138d285ef17a1baf4c7,Store D,36,2025-03-19T00:00:00Z,Xiaomi,Newegg,532
Xiaomi 12,186,263016,3.0,186,263016,67e6d138d285ef17a1baf4c7,Store D,36,2025-03-19T00:00:00Z,Xiaomi,Micro Center,1119
Xiaomi 12,186,263016,3.0,186,263016,67e6d138d285ef17a1baf4c7,Store D,36,2025-03-19T00:00:00Z,Xiaomi,B&H,1112
Xiaomi 12,186,263016,3.0,186,263016,67e6d138d285ef17a1baf4c7,Store D,36,2025-03-19T00:00:00Z,Xiaomi,Newegg,1016
Xiaomi 12,186,263016,3.0,186,263016,67e6d138d285ef17a1baf4c7,Store D,36,2025-03-19T00:00:00Z,Xiaomi,Micro Center,1452
Xiaomi 12,186,263016,3.0,186,263016,67e6d138d285ef17a1baf4c7,Store D,36,2025-03-19T00:00:00Z,Xiaomi,B&H,1080
Xiaomi 12,186,263016,3.0,186,263016,67e6d138d285ef17a1baf4c7,Store D,36,2025-03-19T00:00:00Z,Xiaomi,B&H,717
